Islamic Society of Brownsville,"246 Gilson Rd, Brownsville, TX 78520",25.955815749433523,-97.51379611066751,20
