Islamic Center of Baytown,"4000 Emmett Hutto Blvd, Baytown, TX 77521",29.764531188342385,-94.98522128299089,20
