Mosquée Assalam Argenteuil, "20 Av. du Parc, 95100 Argenteuil, France", 48.933743275076, 2.2308617280536716, 25
